Time_1,Time_2,Time_3,Sequence_ID,Object_Id,Object_Class,Class_Name,Centroid_x,Centroid_y,Object_Area
00,00,00,00002,1,2,Aircraft,1091,116,1498.0
00,00,00,00002,2,12,GPU,571,136,310.0
00,00,00,00002,3,12,GPU,1758,595,1501.0
00,00,00,00002,4,12,GPU,1293,229,432.0
00,00,00,00002,5,2,Aircraft,1119,94,5409.0
00,00,00,00002,6,2,Aircraft,312,150,6859.0
00,00,00,00002,7,2,Aircraft,1136,261,31916.0
00,00,00,00002,8,1,Safety_Cone,1047,684,219.0
00,00,00,00002,9,12,GPU,1384,314,546.0
00,00,00,00002,10,2,Aircraft,1112,186,15872.0
00,00,00,00002,11,12,GPU,1632,547,3407.0
00,00,00,00002,12,7,Baggage_Trolley,1840,807,7423.0
00,00,00,00002,13,6,Airport_Tractor,1598,587,3547.0
00,00,00,00002,14,2,Aircraft,1105,137,11403.0
00,00,00,00002,15,10,Pushback_Tug,1475,256,1515.0
00,00,00,00002,16,9,Aerobridge,1416,200,6960.0
00,00,00,00002,17,7,Baggage_Trolley,1869,726,6690.0
00,00,00,00002,18,6,Airport_Tractor,1867,622,5807.0
00,00,00,00002,19,2,Aircraft,1132,443,103906.0
00,00,00,00002,20,1,Safety_Cone,884,312,94.0
00,00,00,00002,21,1,Safety_Cone,1337,580,156.0
00,00,00,00002,22,2,Aircraft,587,89,4750.0
00,00,00,00002,23,2,Aircraft,474,111,7505.0
00,00,00,00002,24,9,Aerobridge,1502,322,17154.0
00,00,00,00002,25,9,Aerobridge,1286,142,3150.0
00,00,00,00002,26,1,Safety_Cone,900,333,76.0
00,00,00,00002,27,1,Safety_Cone,917,296,96.0
00,00,00,00002,28,12,GPU,672,110,164.0
00,00,00,00002,29,1,Safety_Cone,1242,328,72.0
00,00,50,00003,30,1,Safety_Cone,917,296,96.0
00,00,50,00003,31,1,Safety_Cone,1337,580,156.0
00,00,50,00003,32,2,Aircraft,1091,116,1498.0
00,00,50,00003,33,2,Aircraft,1136,261,31917.0
00,00,50,00003,34,2,Aircraft,1118,186,15198.0
00,00,50,00003,35,2,Aircraft,1133,444,102158.0
00,00,50,00003,36,9,Aerobridge,1502,322,17154.0
00,00,50,00003,37,12,GPU,1758,595,1501.0
00,00,50,00003,38,2,Aircraft,1119,94,5409.0
00,00,50,00003,39,9,Aerobridge,1286,142,3150.0
00,00,50,00003,40,7,Baggage_Trolley,1840,807,7423.0
00,00,50,00003,41,7,Baggage_Trolley,1869,726,6690.0
00,00,50,00003,42,12,GPU,672,109,156.0
00,00,50,00003,43,2,Aircraft,587,89,4750.0
00,00,50,00003,44,12,GPU,571,136,310.0
00,00,50,00003,45,12,GPU,1293,229,432.0
00,00,50,00003,46,12,GPU,1384,314,546.0
00,00,50,00003,47,2,Aircraft,312,150,6859.0
00,00,50,00003,48,9,Aerobridge,1416,200,6960.0
00,00,50,00003,49,12,GPU,1632,547,3407.0
00,00,50,00003,50,6,Airport_Tractor,1598,587,3547.0
00,00,50,00003,51,2,Aircraft,1105,137,11403.0
00,00,50,00003,52,6,Airport_Tractor,1867,622,5807.0
00,00,50,00003,53,1,Safety_Cone,884,312,94.0
00,00,50,00003,54,1,Safety_Cone,900,333,76.0
00,00,50,00003,55,1,Safety_Cone,1047,684,219.0
00,00,50,00003,56,2,Aircraft,474,111,7505.0
00,00,50,00003,57,10,Pushback_Tug,1475,256,1515.0
00,00,50,00003,58,1,Safety_Cone,1242,328,72.0
00,02,10,00004,59,12,GPU,672,110,162.0
00,02,10,00004,60,2,Aircraft,1134,444,101599.0
00,02,10,00004,61,2,Aircraft,1109,186,16186.0
00,02,10,00004,62,2,Aircraft,1119,94,5409.0
00,02,10,00004,63,2,Aircraft,587,89,4750.0
00,02,10,00004,64,2,Aircraft,312,150,6859.0
00,02,10,00004,65,2,Aircraft,1105,137,11403.0
00,02,10,00004,66,2,Aircraft,474,111,7505.0
00,02,10,00004,67,2,Aircraft,1091,116,1498.0
00,02,10,00004,68,2,Aircraft,1136,261,31911.0
00,02,10,00004,69,1,Safety_Cone,1337,580,156.0
00,02,10,00004,70,1,Safety_Cone,1047,684,219.0
00,02,10,00004,71,1,Safety_Cone,1242,328,72.0
00,02,10,00004,72,1,Safety_Cone,917,296,96.0
00,02,10,00004,73,1,Safety_Cone,901,333,93.0
00,02,10,00004,74,1,Safety_Cone,884,312,94.0
00,02,10,00004,75,6,Airport_Tractor,1867,622,5807.0
00,02,10,00004,76,6,Airport_Tractor,1598,587,3547.0
00,02,10,00004,77,11,Catering_Truck,805,523,16577.0
00,02,10,00004,78,12,GPU,1632,547,3407.0
00,02,10,00004,79,12,GPU,1384,314,546.0
00,02,10,00004,80,12,GPU,1293,229,432.0
00,02,10,00004,81,12,GPU,571,136,310.0
00,02,10,00004,82,7,Baggage_Trolley,1869,726,6690.0
00,02,10,00004,83,7,Baggage_Trolley,1840,807,7423.0
00,02,10,00004,84,12,GPU,1758,595,1501.0
00,02,10,00004,85,9,Aerobridge,1502,322,17154.0
00,02,10,00004,86,10,Pushback_Tug,1475,256,1515.0
00,02,10,00004,87,9,Aerobridge,1416,200,6960.0
00,02,10,00004,88,9,Aerobridge,1286,142,3150.0
00,02,40,00005,89,1,Safety_Cone,1337,580,156.0
00,02,40,00005,90,10,Pushback_Tug,1475,256,1515.0
00,02,40,00005,91,2,Aircraft,312,150,6859.0
00,02,40,00005,92,12,GPU,1632,547,3407.0
00,02,40,00005,93,9,Aerobridge,1416,200,6960.0
00,02,40,00005,94,1,Safety_Cone,884,312,94.0
00,02,40,00005,95,5,Ground_Crew,878,436,460.0
00,02,40,00005,96,2,Aircraft,1119,94,5409.0
00,02,40,00005,97,5,Ground_Crew,1730,817,1354.0
00,02,40,00005,98,1,Safety_Cone,917,296,96.0
00,02,40,00005,99,2,Aircraft,1091,116,1498.0
00,02,40,00005,100,12,GPU,1384,314,546.0
00,02,40,00005,101,7,Baggage_Trolley,1869,726,6690.0
00,02,40,00005,102,9,Aerobridge,1286,142,3150.0
00,02,40,00005,103,2,Aircraft,1136,261,31911.0
00,02,40,00005,104,12,GPU,571,136,310.0
00,02,40,00005,105,7,Baggage_Trolley,1855,798,5092.0
00,02,40,00005,106,2,Aircraft,1147,444,97648.0
00,02,40,00005,107,1,Safety_Cone,900,333,76.0
00,02,40,00005,108,12,GPU,671,109,161.0
00,02,40,00005,109,2,Aircraft,1105,137,11403.0
00,02,40,00005,110,11,Catering_Truck,807,497,20848.0
00,02,40,00005,111,6,Airport_Tractor,1867,622,5807.0
00,02,40,00005,112,12,GPU,1758,595,1501.0
00,02,40,00005,113,9,Aerobridge,1502,322,17154.0
00,02,40,00005,114,2,Aircraft,1109,186,16186.0
00,02,40,00005,115,1,Safety_Cone,1047,684,219.0
00,02,40,00005,116,6,Airport_Tractor,1598,587,3547.0
00,02,40,00005,117,1,Safety_Cone,1242,328,72.0
00,02,40,00005,118,2,Aircraft,587,89,4750.0
00,02,40,00005,119,12,GPU,1293,229,432.0
00,02,40,00005,120,2,Aircraft,474,111,7505.0
00,02,40,00005,121,7,Baggage_Trolley,1815,858,10795.0
00,07,00,00006,122,2,Aircraft,1133,444,102158.0
00,07,00,00006,123,1,Safety_Cone,900,333,76.0
00,07,00,00006,124,6,Airport_Tractor,1598,587,3547.0
00,07,00,00006,125,12,GPU,672,110,161.0
00,07,00,00006,126,2,Aircraft,474,111,7505.0
00,07,00,00006,127,12,GPU,1384,314,546.0
00,07,00,00006,128,11,Catering_Truck,807,532,15855.0
00,07,00,00006,129,2,Aircraft,1119,94,5409.0
00,07,00,00006,130,2,Aircraft,312,150,6859.0
00,07,00,00006,131,12,GPU,1632,547,3407.0
00,07,00,00006,132,2,Aircraft,1091,116,1498.0
00,07,00,00006,133,1,Safety_Cone,1337,580,156.0
00,07,00,00006,134,9,Aerobridge,1286,142,3150.0
00,07,00,00006,135,2,Aircraft,1109,186,16186.0
00,07,00,00006,136,9,Aerobridge,1502,322,17154.0
00,07,00,00006,137,1,Safety_Cone,1047,684,219.0
00,07,00,00006,138,10,Pushback_Tug,1475,256,1515.0
00,07,00,00006,139,7,Baggage_Trolley,1815,858,10795.0
00,07,00,00006,140,1,Safety_Cone,884,312,94.0
00,07,00,00006,141,7,Baggage_Trolley,1869,726,6690.0
00,07,00,00006,142,12,GPU,571,136,310.0
00,07,00,00006,143,1,Safety_Cone,917,296,96.0
00,07,00,00006,144,2,Aircraft,1136,261,31914.0
00,07,00,00006,145,7,Baggage_Trolley,1742,754,13239.0
00,07,00,00006,146,2,Aircraft,587,89,4750.0
00,07,00,00006,147,2,Aircraft,1105,137,11403.0
00,07,00,00006,148,9,Aerobridge,1416,200,6960.0
00,07,00,00006,149,6,Airport_Tractor,1867,622,5807.0
00,07,00,00006,150,5,Ground_Crew,1043,597,760.0
00,07,00,00006,151,12,GPU,1293,229,432.0
00,07,00,00006,152,6,Airport_Tractor,1760,618,5136.0
00,07,00,00006,153,1,Safety_Cone,1242,328,72.0
00,09,10,00007,154,6,Airport_Tractor,1760,618,5136.0
00,09,10,00007,155,2,Aircraft,1119,94,5409.0
00,09,10,00007,156,9,Aerobridge,1286,142,3150.0
00,09,10,00007,157,7,Baggage_Trolley,1869,726,6690.0
00,09,10,00007,158,7,Baggage_Trolley,1815,858,10795.0
00,09,10,00007,159,2,Aircraft,1109,186,16186.0
00,09,10,00007,160,7,Baggage_Trolley,1742,754,13239.0
00,09,10,00007,161,1,Safety_Cone,917,296,96.0
00,09,10,00007,162,1,Safety_Cone,900,333,76.0
00,09,10,00007,163,1,Safety_Cone,1047,684,219.0
00,09,10,00007,164,2,Aircraft,1105,137,11403.0
00,09,10,00007,165,1,Safety_Cone,884,312,94.0
00,09,10,00007,166,1,Safety_Cone,1337,580,156.0
00,09,10,00007,167,8,Fuel_Truck,371,689,60160.0
00,09,10,00007,168,2,Aircraft,1136,261,31912.0
00,09,10,00007,169,2,Aircraft,474,111,7505.0
00,09,10,00007,170,6,Airport_Tractor,1867,622,5807.0
00,09,10,00007,171,1,Safety_Cone,1242,328,72.0
00,09,10,00007,172,9,Aerobridge,1416,200,6960.0
00,09,10,00007,173,6,Airport_Tractor,1598,587,3547.0
00,09,10,00007,174,2,Aircraft,312,150,6859.0
00,09,10,00007,175,12,GPU,1632,547,3407.0
00,09,10,00007,176,2,Aircraft,1091,116,1498.0
00,09,10,00007,177,12,GPU,1384,314,546.0
00,09,10,00007,178,12,GPU,1293,229,432.0
00,09,10,00007,179,5,Ground_Crew,1323,200,133.0
00,09,10,00007,180,2,Aircraft,587,89,4750.0
00,09,10,00007,181,12,GPU,571,136,310.0
00,09,10,00007,182,9,Aerobridge,1502,322,17154.0
00,09,10,00007,183,2,Aircraft,1133,444,102158.0
00,09,10,00007,184,12,GPU,671,110,168.0
00,09,30,00008,185,2,Aircraft,1091,116,1498.0
00,09,30,00008,186,2,Aircraft,312,150,6859.0
00,09,30,00008,187,2,Aircraft,587,89,4750.0
00,09,30,00008,188,6,Airport_Tractor,1760,618,5136.0
00,09,30,00008,189,2,Aircraft,1119,94,5409.0
00,09,30,00008,190,5,Ground_Crew,1182,561,658.0
00,09,30,00008,191,2,Aircraft,1109,186,16186.0
00,09,30,00008,192,12,GPU,1293,229,432.0
00,09,30,00008,193,2,Aircraft,474,111,7505.0
00,09,30,00008,194,6,Airport_Tractor,1867,622,5807.0
00,09,30,00008,195,5,Ground_Crew,1782,347,309.0
00,09,30,00008,196,9,Aerobridge,1502,322,17154.0
00,09,30,00008,197,7,Baggage_Trolley,1869,726,6690.0
00,09,30,00008,198,2,Aircraft,1133,444,102268.0
00,09,30,00008,199,9,Aerobridge,1286,142,3150.0
00,09,30,00008,200,8,Fuel_Truck,911,685,57019.0
00,09,30,00008,201,1,Safety_Cone,884,312,94.0
00,09,30,00008,202,12,GPU,671,110,162.0
00,09,30,00008,203,12,GPU,571,136,310.0
00,09,30,00008,204,2,Aircraft,1105,137,11403.0
00,09,30,00008,205,7,Baggage_Trolley,1742,754,13239.0
00,09,30,00008,206,1,Safety_Cone,900,333,76.0
00,09,30,00008,207,12,GPU,1632,547,3407.0
00,09,30,00008,208,1,Safety_Cone,1337,580,156.0
00,09,30,00008,209,1,Safety_Cone,917,296,96.0
00,09,30,00008,210,2,Aircraft,1136,261,31912.0
00,09,30,00008,211,9,Aerobridge,1416,200,6960.0
00,09,30,00008,212,1,Safety_Cone,1242,328,72.0
00,09,30,00008,213,7,Baggage_Trolley,1815,858,10795.0
00,09,30,00008,214,12,GPU,1384,314,546.0
00,09,30,00008,215,6,Airport_Tractor,1598,587,3547.0
00,09,50,00009,216,1,Safety_Cone,1337,580,156.0
00,09,50,00009,217,2,Aircraft,474,111,7505.0
00,09,50,00009,218,1,Safety_Cone,1242,328,72.0
00,09,50,00009,219,2,Aircraft,1133,444,102254.0
00,09,50,00009,220,2,Aircraft,1105,137,11403.0
00,09,50,00009,221,9,Aerobridge,1286,142,3150.0
00,09,50,00009,222,1,Safety_Cone,917,296,96.0
00,09,50,00009,223,1,Safety_Cone,900,333,76.0
00,09,50,00009,224,1,Safety_Cone,884,312,94.0
00,09,50,00009,225,8,Fuel_Truck,912,685,57782.0
00,09,50,00009,226,6,Airport_Tractor,1867,622,5807.0
00,09,50,00009,227,5,Ground_Crew,1181,561,620.0
00,09,50,00009,228,6,Airport_Tractor,1760,618,5141.0
00,09,50,00009,229,2,Aircraft,312,150,6859.0
00,09,50,00009,230,6,Airport_Tractor,1598,587,3547.0
00,09,50,00009,231,9,Aerobridge,1416,200,6960.0
00,09,50,00009,232,12,GPU,1632,547,3407.0
00,09,50,00009,233,12,GPU,1384,314,546.0
00,09,50,00009,234,2,Aircraft,587,89,4750.0
00,09,50,00009,235,12,GPU,1293,229,432.0
00,09,50,00009,236,12,GPU,571,136,310.0
00,09,50,00009,237,2,Aircraft,1119,94,5409.0
00,09,50,00009,238,12,GPU,672,110,180.0
00,09,50,00009,239,10,Pushback_Tug,1786,520,8042.0
00,09,50,00009,240,7,Baggage_Trolley,1869,726,6690.0
00,09,50,00009,241,7,Baggage_Trolley,1815,858,10795.0
00,09,50,00009,242,7,Baggage_Trolley,1742,754,13239.0
00,09,50,00009,243,2,Aircraft,1109,186,16186.0
00,09,50,00009,244,9,Aerobridge,1502,322,17154.0
00,09,50,00009,245,2,Aircraft,1091,116,1498.0
00,09,50,00009,246,2,Aircraft,1136,261,31913.0
00,10,20,00010,247,9,Aerobridge,1285,142,3221.0
00,10,20,00010,248,10,Pushback_Tug,1786,520,8042.0
00,10,20,00010,249,2,Aircraft,1119,94,5409.0
00,10,20,00010,250,12,GPU,571,136,310.0
00,10,20,00010,251,12,GPU,672,110,189.0
00,10,20,00010,252,1,Safety_Cone,1242,328,72.0
00,10,20,00010,253,9,Aerobridge,1502,322,17154.0
00,10,20,00010,254,12,GPU,1293,229,432.0
00,10,20,00010,255,2,Aircraft,1133,444,102248.0
00,10,20,00010,256,12,GPU,1384,314,546.0
00,10,20,00010,257,2,Aircraft,312,150,6859.0
00,10,20,00010,258,2,Aircraft,1091,116,1498.0
00,10,20,00010,259,2,Aircraft,1104,136,11326.0
00,10,20,00010,260,2,Aircraft,1109,186,16186.0
00,10,20,00010,261,9,Aerobridge,1416,200,6960.0
00,10,20,00010,262,1,Safety_Cone,1337,581,171.0
00,10,20,00010,263,2,Aircraft,1136,261,31916.0
00,10,20,00010,264,2,Aircraft,587,89,4750.0
00,10,20,00010,265,12,GPU,1632,547,3407.0
00,10,20,00010,266,8,Fuel_Truck,912,685,57782.0
00,10,20,00010,267,6,Airport_Tractor,1866,622,5904.0
00,10,20,00010,268,6,Airport_Tractor,1598,587,3432.0
00,10,20,00010,269,6,Airport_Tractor,1760,618,5193.0
00,10,20,00010,270,1,Safety_Cone,884,312,94.0
00,10,20,00010,271,2,Aircraft,474,111,7505.0
00,10,20,00010,272,1,Safety_Cone,900,333,76.0
00,10,20,00010,273,1,Safety_Cone,917,296,96.0
00,10,20,00010,274,7,Baggage_Trolley,1742,754,13239.0
00,10,20,00010,275,7,Baggage_Trolley,1815,858,10795.0
00,10,20,00010,276,7,Baggage_Trolley,1869,726,6690.0
00,10,50,00011,1,7,Baggage_Trolley,1204,873,9633.0
00,10,50,00011,2,2,Aircraft,587,89,4897.0
00,10,50,00011,3,10,Pushback_Tug,1786,518,7814.0
00,10,50,00011,4,1,Safety_Cone,901,333,83.0
00,10,50,00011,5,1,Safety_Cone,884,313,106.0
00,10,50,00011,6,1,Safety_Cone,917,294,98.0
00,10,50,00011,7,2,Aircraft,1135,444,102640.0
00,10,50,00011,8,2,Aircraft,1135,261,32088.0
00,10,50,00011,9,2,Aircraft,1110,186,16538.0
00,10,50,00011,10,2,Aircraft,1107,137,11458.0
00,10,50,00011,11,2,Aircraft,1114,119,1536.0
00,10,50,00011,12,2,Aircraft,1119,94,5409.0
00,10,50,00011,13,6,Airport_Tractor,1599,588,3590.0
00,10,50,00011,14,12,GPU,1294,228,443.0
00,10,50,00011,15,6,Airport_Tractor,1867,623,5808.0
00,10,50,00011,16,12,GPU,1384,313,508.0
00,10,50,00011,17,7,Baggage_Trolley,1869,724,6262.0
00,10,50,00011,18,12,GPU,571,137,296.0
00,10,50,00011,19,5,Ground_Crew,1072,857,1023.0
00,10,50,00011,20,2,Aircraft,473,111,7541.0
00,10,50,00011,21,12,GPU,672,110,191.0
00,10,50,00011,22,9,Aerobridge,1416,203,7079.0
00,10,50,00011,23,7,Baggage_Trolley,1742,754,12569.0
00,10,50,00011,24,9,Aerobridge,1312,149,3640.0
00,10,50,00011,25,2,Aircraft,312,150,6928.0
00,10,50,00011,26,6,Airport_Tractor,1760,621,5347.0
00,10,50,00011,27,9,Aerobridge,1501,322,17022.0
00,10,50,00011,28,1,Safety_Cone,1337,582,195.0
00,10,50,00011,29,8,Fuel_Truck,912,686,58806.0
00,10,50,00011,30,6,Airport_Tractor,1069,881,3578.0
00,10,50,00011,31,1,Safety_Cone,1242,328,95.0
00,10,50,00011,32,12,GPU,1631,547,3403.0
00,10,50,00011,33,7,Baggage_Trolley,1815,858,10936.0
00,11,00,00012,34,2,Aircraft,473,111,7541.0
00,11,00,00012,35,6,Airport_Tractor,502,610,1773.0
00,11,00,00012,36,7,Baggage_Trolley,453,642,4451.0
00,11,00,00012,37,1,Safety_Cone,1242,328,95.0
00,11,00,00012,38,1,Safety_Cone,901,333,83.0
00,11,00,00012,39,1,Safety_Cone,884,313,106.0
00,11,00,00012,40,7,Baggage_Trolley,1869,724,6262.0
00,11,00,00012,41,6,Airport_Tractor,1867,623,5808.0
00,11,00,00012,42,7,Baggage_Trolley,1815,858,10936.0
00,11,00,00012,43,1,Safety_Cone,917,294,98.0
00,11,00,00012,44,2,Aircraft,1135,261,32088.0
00,11,00,00012,45,12,GPU,1631,547,3403.0
00,11,00,00012,46,2,Aircraft,1135,444,102640.0
00,11,00,00012,47,2,Aircraft,1110,186,16538.0
00,11,00,00012,48,2,Aircraft,1107,137,11458.0
00,11,00,00012,49,2,Aircraft,1114,119,1536.0
00,11,00,00012,50,2,Aircraft,1119,94,5409.0
00,11,00,00012,51,12,GPU,1384,313,508.0
00,11,00,00012,52,6,Airport_Tractor,1760,621,5347.0
00,11,00,00012,53,6,Airport_Tractor,1599,588,3590.0
00,11,00,00012,54,12,GPU,1294,228,443.0
00,11,00,00012,55,12,GPU,571,137,277.0
00,11,00,00012,56,12,GPU,672,110,191.0
00,11,00,00012,57,9,Aerobridge,1501,322,17022.0
00,11,00,00012,58,9,Aerobridge,1312,149,3640.0
00,11,00,00012,59,9,Aerobridge,1416,203,7079.0
00,11,00,00012,60,7,Baggage_Trolley,1742,754,12569.0
00,11,00,00012,61,1,Safety_Cone,1337,582,195.0
00,11,00,00012,62,2,Aircraft,587,89,4897.0
00,11,00,00012,63,2,Aircraft,312,150,6928.0
00,11,00,00012,64,10,Pushback_Tug,1786,518,7814.0
00,11,00,00012,65,8,Fuel_Truck,912,686,58806.0
00,11,00,00012,66,5,Ground_Crew,943,509,496.0
00,11,10,00013,67,2,Aircraft,1119,94,5409.0
00,11,10,00013,68,2,Aircraft,1107,137,11458.0
00,11,10,00013,69,2,Aircraft,1110,186,16538.0
00,11,10,00013,70,12,GPU,1294,228,443.0
00,11,10,00013,71,12,GPU,571,137,277.0
00,11,10,00013,72,12,GPU,672,110,191.0
00,11,10,00013,73,12,GPU,1384,313,508.0
00,11,10,00013,74,2,Aircraft,1135,444,102640.0
00,11,10,00013,75,9,Aerobridge,1501,322,17022.0
00,11,10,00013,76,9,Aerobridge,1312,149,3640.0
00,11,10,00013,77,9,Aerobridge,1416,203,7079.0
00,11,10,00013,78,13,Conveyor_Belt,921,552,6331.0
00,11,10,00013,79,5,Ground_Crew,1606,466,219.0
00,11,10,00013,80,2,Aircraft,1135,261,32088.0
00,11,10,00013,81,7,Baggage_Trolley,1815,858,10936.0
00,11,10,00013,82,5,Ground_Crew,917,492,359.0
00,11,10,00013,83,7,Baggage_Trolley,1742,754,12569.0
00,11,10,00013,84,1,Safety_Cone,901,333,83.0
00,11,10,00013,85,7,Baggage_Trolley,453,642,4451.0
00,11,10,00013,86,1,Safety_Cone,884,313,106.0
00,11,10,00013,87,2,Aircraft,587,89,4897.0
00,11,10,00013,88,2,Aircraft,473,111,7541.0
00,11,10,00013,89,2,Aircraft,312,150,6928.0
00,11,10,00013,90,6,Airport_Tractor,1867,623,5808.0
00,11,10,00013,91,10,Pushback_Tug,1786,518,7814.0
00,11,10,00013,92,1,Safety_Cone,917,294,98.0
00,11,10,00013,93,7,Baggage_Trolley,1869,724,6262.0
00,11,10,00013,94,1,Safety_Cone,1337,582,195.0
00,11,10,00013,95,6,Airport_Tractor,502,610,1773.0
00,11,10,00013,96,6,Airport_Tractor,1599,588,3590.0
00,11,10,00013,97,1,Safety_Cone,1242,328,95.0
00,11,10,00013,98,8,Fuel_Truck,912,686,58806.0
00,11,10,00013,99,6,Airport_Tractor,1760,621,5347.0
00,11,10,00013,100,12,GPU,1631,547,3403.0
00,11,10,00013,101,2,Aircraft,1114,119,1536.0
00,11,20,00014,102,1,Safety_Cone,1337,582,195.0
00,11,20,00014,103,8,Fuel_Truck,912,686,58806.0
00,11,20,00014,104,12,GPU,1631,547,3403.0
00,11,20,00014,105,1,Safety_Cone,884,313,106.0
00,11,20,00014,106,6,Airport_Tractor,1760,621,5347.0
00,11,20,00014,107,2,Aircraft,1135,261,32088.0
00,11,20,00014,108,6,Airport_Tractor,1599,588,3590.0
00,11,20,00014,109,12,GPU,1294,228,443.0
00,11,20,00014,110,7,Baggage_Trolley,702,573,4193.0
00,11,20,00014,111,2,Aircraft,1110,186,16538.0
00,11,20,00014,112,12,GPU,571,137,277.0
00,11,20,00014,113,5,Ground_Crew,1571,551,539.0
00,11,20,00014,114,2,Aircraft,587,89,4897.0
00,11,20,00014,115,12,GPU,672,110,191.0
00,11,20,00014,116,2,Aircraft,473,111,7541.0
00,11,20,00014,117,2,Aircraft,1135,444,102640.0
00,11,20,00014,118,2,Aircraft,312,150,6928.0
00,11,20,00014,119,6,Airport_Tractor,1867,623,5808.0
00,11,20,00014,120,9,Aerobridge,1501,322,17022.0
00,11,20,00014,121,9,Aerobridge,1312,149,3640.0
00,11,20,00014,122,9,Aerobridge,1416,203,7079.0
00,11,20,00014,123,13,Conveyor_Belt,926,542,5942.0
00,11,20,00014,124,2,Aircraft,1119,94,5409.0
00,11,20,00014,125,2,Aircraft,1114,119,1536.0
00,11,20,00014,126,10,Pushback_Tug,1786,518,7814.0
00,11,20,00014,127,7,Baggage_Trolley,1742,754,12569.0
00,11,20,00014,128,5,Ground_Crew,891,584,693.0
00,11,20,00014,129,5,Ground_Crew,786,574,572.0
00,11,20,00014,130,12,GPU,1384,313,508.0
00,11,20,00014,131,7,Baggage_Trolley,1815,858,10936.0
00,11,20,00014,132,7,Baggage_Trolley,1869,724,6262.0
00,11,20,00014,133,2,Aircraft,1107,137,11458.0
00,11,20,00014,134,1,Safety_Cone,917,294,98.0
00,11,20,00014,135,1,Safety_Cone,1242,328,95.0
00,11,20,00014,136,1,Safety_Cone,901,333,83.0
00,11,20,00014,137,6,Airport_Tractor,787,593,1660.0
00,11,30,00015,138,1,Safety_Cone,901,333,83.0
00,11,30,00015,139,8,Fuel_Truck,912,686,58806.0
00,11,30,00015,140,12,GPU,1631,547,3403.0
00,11,30,00015,141,10,Pushback_Tug,1786,518,7814.0
00,11,30,00015,142,2,Aircraft,1135,444,102640.0
00,11,30,00015,143,2,Aircraft,1135,261,32088.0
00,11,30,00015,144,2,Aircraft,1110,186,16538.0
00,11,30,00015,145,2,Aircraft,1107,137,11458.0
00,11,30,00015,146,2,Aircraft,1114,119,1536.0
00,11,30,00015,147,2,Aircraft,1119,94,5409.0
00,11,30,00015,148,9,Aerobridge,1501,322,17022.0
00,11,30,00015,149,9,Aerobridge,1312,149,3640.0
00,11,30,00015,150,9,Aerobridge,1416,203,7079.0
00,11,30,00015,151,13,Conveyor_Belt,927,534,4942.0
00,11,30,00015,152,2,Aircraft,587,89,4897.0
00,11,30,00015,153,2,Aircraft,473,111,7541.0
00,11,30,00015,154,2,Aircraft,312,150,6928.0
00,11,30,00015,155,5,Ground_Crew,943,588,682.0
00,11,30,00015,156,5,Ground_Crew,908,562,402.0
00,11,30,00015,157,7,Baggage_Trolley,878,596,3753.0
00,11,30,00015,158,7,Baggage_Trolley,1815,858,10936.0
00,11,30,00015,159,1,Safety_Cone,1337,582,195.0
00,11,30,00015,160,7,Baggage_Trolley,1869,724,6262.0
00,11,30,00015,161,1,Safety_Cone,917,294,98.0
00,11,30,00015,162,7,Baggage_Trolley,1742,754,12569.0
00,11,30,00015,163,1,Safety_Cone,884,313,106.0
00,11,30,00015,164,1,Safety_Cone,1242,328,95.0
00,11,30,00015,165,12,GPU,672,110,191.0
00,11,30,00015,166,12,GPU,571,137,277.0
00,11,30,00015,167,12,GPU,1294,228,443.0
00,11,30,00015,168,6,Airport_Tractor,1599,588,3590.0
00,11,30,00015,169,12,GPU,1384,313,508.0
00,11,30,00015,170,6,Airport_Tractor,1760,621,5347.0
00,11,30,00015,171,6,Airport_Tractor,1867,623,5808.0
00,12,10,00016,172,2,Aircraft,1107,137,11458.0
00,12,10,00016,173,7,Baggage_Trolley,878,596,3753.0
00,12,10,00016,174,6,Airport_Tractor,880,483,1895.0
00,12,10,00016,175,2,Aircraft,1135,444,102640.0
00,12,10,00016,176,8,Fuel_Truck,912,686,58806.0
00,12,10,00016,177,10,Pushback_Tug,1786,518,7814.0
00,12,10,00016,178,1,Safety_Cone,884,313,106.0
00,12,10,00016,179,1,Safety_Cone,901,333,83.0
00,12,10,00016,180,1,Safety_Cone,1242,328,95.0
00,12,10,00016,181,2,Aircraft,312,150,6928.0
00,12,10,00016,182,2,Aircraft,473,111,7541.0
00,12,10,00016,183,2,Aircraft,587,89,4897.0
00,12,10,00016,184,12,GPU,672,110,191.0
00,12,10,00016,185,13,Conveyor_Belt,926,538,5606.0
00,12,10,00016,186,9,Aerobridge,1416,203,7079.0
00,12,10,00016,187,9,Aerobridge,1312,149,3640.0
00,12,10,00016,188,12,GPU,571,137,277.0
00,12,10,00016,189,6,Airport_Tractor,1867,623,5808.0
00,12,10,00016,190,9,Aerobridge,1501,322,17022.0
00,12,10,00016,191,12,GPU,1294,228,443.0
00,12,10,00016,192,12,GPU,1384,313,508.0
00,12,10,00016,193,6,Airport_Tractor,1599,588,3590.0
00,12,10,00016,194,2,Aircraft,1119,94,5409.0
00,12,10,00016,195,2,Aircraft,1114,119,1536.0
00,12,10,00016,196,2,Aircraft,1110,186,16538.0
00,12,10,00016,197,12,GPU,1631,547,3403.0
00,12,10,00016,198,6,Airport_Tractor,1760,621,5347.0
00,12,10,00016,199,2,Aircraft,1135,261,32088.0
00,12,10,00016,200,1,Safety_Cone,917,294,98.0
00,12,10,00016,201,1,Safety_Cone,1337,582,195.0
00,12,10,00016,202,7,Baggage_Trolley,1869,724,6262.0
00,12,10,00016,203,7,Baggage_Trolley,1742,754,12569.0
00,12,10,00016,204,7,Baggage_Trolley,1815,858,10936.0
00,12,50,00017,205,13,Conveyor_Belt,926,538,5606.0
00,12,50,00017,206,9,Aerobridge,1416,203,7079.0
00,12,50,00017,207,12,GPU,1294,228,443.0
00,12,50,00017,208,1,Safety_Cone,1337,582,195.0
00,12,50,00017,209,6,Airport_Tractor,1867,623,5808.0
00,12,50,00017,210,7,Baggage_Trolley,878,596,3753.0
00,12,50,00017,211,9,Aerobridge,1312,149,3640.0
00,12,50,00017,212,6,Airport_Tractor,880,483,1895.0
00,12,50,00017,213,2,Aircraft,312,150,6928.0
00,12,50,00017,214,2,Aircraft,473,111,7541.0
00,12,50,00017,215,9,Aerobridge,1501,322,17022.0
00,12,50,00017,216,2,Aircraft,1119,94,5409.0
00,12,50,00017,217,12,GPU,1384,313,508.0
00,12,50,00017,218,7,Baggage_Trolley,1869,724,6262.0
00,12,50,00017,219,2,Aircraft,1114,119,1536.0
00,12,50,00017,220,2,Aircraft,1107,137,11458.0
00,12,50,00017,221,1,Safety_Cone,884,313,106.0
00,12,50,00017,222,1,Safety_Cone,901,333,83.0
00,12,50,00017,223,1,Safety_Cone,1242,328,95.0
00,12,50,00017,224,2,Aircraft,587,89,4897.0
00,12,50,00017,225,2,Aircraft,1110,186,16538.0
00,12,50,00017,226,10,Pushback_Tug,1786,518,7814.0
00,12,50,00017,227,6,Airport_Tractor,1760,621,5347.0
00,12,50,00017,228,5,Ground_Crew,881,554,401.0
00,12,50,00017,229,5,Ground_Crew,1184,560,660.0
00,12,50,00017,230,5,Ground_Crew,1358,528,530.0
00,12,50,00017,231,12,GPU,672,110,191.0
00,12,50,00017,232,6,Airport_Tractor,1599,588,3590.0
00,12,50,00017,233,8,Fuel_Truck,912,686,58806.0
00,12,50,00017,234,2,Aircraft,1135,444,102640.0
00,12,50,00017,235,12,GPU,1631,547,3403.0
00,12,50,00017,236,1,Safety_Cone,917,294,98.0
00,12,50,00017,237,12,GPU,571,137,277.0
00,12,50,00017,238,7,Baggage_Trolley,1815,858,10936.0
00,12,50,00017,239,7,Baggage_Trolley,1742,754,12569.0
00,12,50,00017,240,2,Aircraft,1135,261,32088.0
00,13,40,00018,241,1,Safety_Cone,901,333,83.0
00,13,40,00018,242,2,Aircraft,1135,444,102640.0
00,13,40,00018,243,2,Aircraft,1135,261,32088.0
00,13,40,00018,244,2,Aircraft,1110,186,16538.0
00,13,40,00018,245,2,Aircraft,1107,137,11458.0
00,13,40,00018,246,2,Aircraft,1114,119,1536.0
00,13,40,00018,247,2,Aircraft,1119,94,5409.0
00,13,40,00018,248,2,Aircraft,587,89,4897.0
00,13,40,00018,249,2,Aircraft,473,111,7541.0
00,13,40,00018,250,2,Aircraft,312,150,6928.0
00,13,40,00018,251,1,Safety_Cone,1337,582,195.0
00,13,40,00018,252,1,Safety_Cone,917,294,98.0
00,13,40,00018,253,1,Safety_Cone,884,313,106.0
00,13,40,00018,254,1,Safety_Cone,1242,328,95.0
00,13,40,00018,255,6,Airport_Tractor,1599,588,3590.0
00,13,40,00018,256,6,Airport_Tractor,1760,621,5347.0
00,13,40,00018,257,6,Airport_Tractor,1867,623,5808.0
00,13,40,00018,258,12,GPU,1631,547,3403.0
00,13,40,00018,259,10,Pushback_Tug,1786,518,7814.0
00,13,40,00018,260,8,Fuel_Truck,912,686,58806.0
00,13,40,00018,261,12,GPU,1384,313,508.0
00,13,40,00018,262,12,GPU,1294,228,443.0
00,13,40,00018,263,12,GPU,571,137,277.0
00,13,40,00018,264,12,GPU,672,110,191.0
00,13,40,00018,265,7,Baggage_Trolley,1742,754,12569.0
00,13,40,00018,266,7,Baggage_Trolley,1869,724,6262.0
00,13,40,00018,267,7,Baggage_Trolley,1815,858,10936.0
00,13,40,00018,268,13,Conveyor_Belt,923,546,5966.0
00,13,40,00018,269,9,Aerobridge,1416,203,7079.0
00,13,40,00018,270,9,Aerobridge,1312,149,3640.0
00,13,40,00018,271,9,Aerobridge,1501,322,17022.0
00,15,40,00019,272,1,Safety_Cone,1028,684,289.0
00,15,40,00019,273,2,Aircraft,312,150,6928.0
00,15,40,00019,274,2,Aircraft,473,111,7541.0
00,15,40,00019,275,10,Pushback_Tug,1786,518,7814.0
00,15,40,00019,276,12,GPU,1631,547,3403.0
00,15,40,00019,277,12,GPU,1294,228,443.0
00,15,40,00019,278,6,Airport_Tractor,1867,623,5808.0
00,15,40,00019,279,12,GPU,571,137,277.0
00,15,40,00019,280,6,Airport_Tractor,1599,588,3590.0
00,15,40,00019,281,2,Aircraft,1119,94,5409.0
00,15,40,00019,282,12,GPU,672,110,191.0
00,15,40,00019,283,9,Aerobridge,1501,322,17022.0
00,15,40,00019,284,9,Aerobridge,1312,149,3640.0
00,15,40,00019,285,9,Aerobridge,1416,203,7079.0
00,15,40,00019,286,1,Safety_Cone,1242,328,95.0
00,15,40,00019,287,1,Safety_Cone,901,333,83.0
00,15,40,00019,288,1,Safety_Cone,884,313,106.0
00,15,40,00019,289,13,Conveyor_Belt,923,546,5966.0
00,15,40,00019,290,2,Aircraft,1135,444,102640.0
00,15,40,00019,291,2,Aircraft,1114,119,1536.0
00,15,40,00019,292,7,Baggage_Trolley,1742,754,12569.0
00,15,40,00019,293,2,Aircraft,1135,261,32088.0
00,15,40,00019,294,1,Safety_Cone,917,294,98.0
00,15,40,00019,295,1,Safety_Cone,1337,582,195.0
00,15,40,00019,296,2,Aircraft,1107,137,11458.0
00,15,40,00019,297,2,Aircraft,1110,186,16538.0
00,15,40,00019,298,7,Baggage_Trolley,1869,724,6262.0
00,15,40,00019,299,7,Baggage_Trolley,1815,858,10936.0
00,15,40,00019,300,12,GPU,1384,313,508.0
00,15,40,00019,301,12,GPU,1758,591,1119.0
00,15,40,00019,302,12,GPU,1746,628,2169.0
00,15,40,00019,303,5,Ground_Crew,965,515,497.0
00,15,40,00019,304,5,Ground_Crew,878,558,676.0
00,15,40,00019,305,2,Aircraft,587,89,4897.0
00,15,50,00020,306,2,Aircraft,312,150,6928.0
00,15,50,00020,307,1,Safety_Cone,1028,684,289.0
00,15,50,00020,308,7,Baggage_Trolley,1815,858,10936.0
00,15,50,00020,309,12,GPU,571,137,277.0
00,15,50,00020,310,6,Airport_Tractor,1867,623,5808.0
00,15,50,00020,311,7,Baggage_Trolley,1742,754,12569.0
00,15,50,00020,312,2,Aircraft,1110,186,16538.0
00,15,50,00020,313,1,Safety_Cone,1337,582,195.0
00,15,50,00020,314,9,Aerobridge,1501,322,17022.0
00,15,50,00020,315,12,GPU,1384,313,508.0
00,15,50,00020,316,1,Safety_Cone,917,294,98.0
00,15,50,00020,317,9,Aerobridge,1312,149,3640.0
00,15,50,00020,318,2,Aircraft,1114,119,1536.0
00,15,50,00020,319,9,Aerobridge,1416,203,7079.0
00,15,50,00020,320,13,Conveyor_Belt,791,854,24418.0
00,15,50,00020,321,12,GPU,1631,547,3403.0
00,15,50,00020,322,7,Baggage_Trolley,1869,724,6262.0
00,15,50,00020,323,6,Airport_Tractor,1599,588,3590.0
00,15,50,00020,324,12,GPU,1294,228,443.0
00,15,50,00020,325,1,Safety_Cone,1242,328,95.0
00,15,50,00020,326,1,Safety_Cone,901,333,83.0
00,15,50,00020,327,2,Aircraft,1133,444,102215.0
00,15,50,00020,328,12,GPU,1746,628,2169.0
00,15,50,00020,329,12,GPU,672,110,191.0
00,15,50,00020,330,2,Aircraft,1135,261,32088.0
00,15,50,00020,331,2,Aircraft,1119,94,5409.0
00,15,50,00020,332,5,Ground_Crew,955,512,616.0
00,15,50,00020,333,10,Pushback_Tug,1786,518,7814.0
00,15,50,00020,334,2,Aircraft,1107,137,11458.0
00,15,50,00020,335,12,GPU,1758,591,1119.0
00,15,50,00020,336,1,Safety_Cone,884,313,106.0
00,15,50,00020,337,5,Ground_Crew,1493,541,814.0
00,15,50,00020,338,2,Aircraft,587,89,4897.0
00,15,50,00020,339,2,Aircraft,473,111,7541.0
00,17,40,00021,340,7,Baggage_Trolley,1869,724,6262.0
00,17,40,00021,341,12,GPU,571,137,277.0
00,17,40,00021,342,1,Safety_Cone,1242,328,95.0
00,17,40,00021,343,1,Safety_Cone,901,333,83.0
00,17,40,00021,344,1,Safety_Cone,884,313,106.0
00,17,40,00021,345,7,Baggage_Trolley,1815,858,10936.0
00,17,40,00021,346,12,GPU,672,110,191.0
00,17,40,00021,347,2,Aircraft,1135,444,102640.0
00,17,40,00021,348,5,Ground_Crew,1651,407,397.0
00,17,40,00021,349,12,GPU,1757,595,1670.0
00,17,40,00021,350,7,Baggage_Trolley,1742,754,12569.0
00,17,40,00021,351,10,Pushback_Tug,1786,518,7814.0
00,17,40,00021,352,2,Aircraft,1110,186,16538.0
00,17,40,00021,353,1,Safety_Cone,917,294,98.0
00,17,40,00021,354,5,Ground_Crew,1617,454,518.0
00,17,40,00021,355,2,Aircraft,1107,137,11458.0
00,17,40,00021,356,2,Aircraft,1114,119,1536.0
00,17,40,00021,357,2,Aircraft,1119,94,5409.0
00,17,40,00021,358,12,GPU,1384,313,508.0
00,17,40,00021,359,2,Aircraft,312,150,6928.0
00,17,40,00021,360,2,Aircraft,473,111,7541.0
00,17,40,00021,361,2,Aircraft,587,89,4897.0
00,17,40,00021,362,2,Aircraft,1135,261,32088.0
00,17,40,00021,363,12,GPU,1294,228,443.0
00,17,40,00021,364,6,Airport_Tractor,1867,623,5808.0
00,17,40,00021,365,9,Aerobridge,1312,149,3640.0
00,17,40,00021,366,9,Aerobridge,1416,203,7079.0
00,17,40,00021,367,9,Aerobridge,1553,310,16465.0
00,18,30,00022,368,2,Aircraft,473,111,7541.0
00,18,30,00022,369,2,Aircraft,587,89,4897.0
00,18,30,00022,370,12,GPU,571,137,277.0
00,18,30,00022,371,1,Safety_Cone,901,333,83.0
00,18,30,00022,372,1,Safety_Cone,1242,328,95.0
00,18,30,00022,373,5,Ground_Crew,1648,470,185.0
00,18,30,00022,374,2,Aircraft,1119,94,5409.0
00,18,30,00022,375,2,Aircraft,1114,119,1536.0
00,18,30,00022,376,2,Aircraft,1110,186,16538.0
00,18,30,00022,377,2,Aircraft,1107,137,11458.0
00,18,30,00022,378,7,Baggage_Trolley,1815,858,10936.0
00,18,30,00022,379,10,Pushback_Tug,1699,520,8035.0
00,18,30,00022,380,12,GPU,672,110,191.0
00,18,30,00022,381,1,Safety_Cone,917,294,98.0
00,18,30,00022,382,7,Baggage_Trolley,1869,724,6262.0
00,18,30,00022,383,12,GPU,1769,596,1182.0
00,18,30,00022,384,2,Aircraft,1135,444,102640.0
00,18,30,00022,385,7,Baggage_Trolley,1742,754,12569.0
00,18,30,00022,386,1,Safety_Cone,884,313,106.0
00,18,30,00022,387,12,GPU,1294,228,443.0
00,18,30,00022,388,9,Aerobridge,1312,149,3640.0
00,18,30,00022,389,9,Aerobridge,1416,203,7079.0
00,18,30,00022,390,2,Aircraft,1135,261,32088.0
00,18,30,00022,391,5,Ground_Crew,1750,595,699.0
00,18,30,00022,392,9,Aerobridge,1553,310,16465.0
00,18,30,00022,393,12,GPU,1384,313,508.0
00,18,30,00022,394,6,Airport_Tractor,1867,623,5808.0
00,18,30,00022,395,2,Aircraft,312,150,6928.0
00,18,40,00023,396,2,Aircraft,1114,119,1536.0
00,18,40,00023,397,12,GPU,1384,313,508.0
00,18,40,00023,398,12,GPU,1294,228,443.0
00,18,40,00023,399,1,Safety_Cone,1242,328,95.0
00,18,40,00023,400,1,Safety_Cone,901,333,83.0
00,18,40,00023,401,1,Safety_Cone,884,313,106.0
00,18,40,00023,402,12,GPU,571,137,277.0
00,18,40,00023,403,12,GPU,672,110,191.0
00,18,40,00023,404,7,Baggage_Trolley,1742,754,12569.0
00,18,40,00023,405,1,Safety_Cone,917,294,98.0
00,18,40,00023,406,7,Baggage_Trolley,1869,724,6262.0
00,18,40,00023,407,7,Baggage_Trolley,1815,858,10936.0
00,18,40,00023,408,12,GPU,1757,595,1670.0
00,18,40,00023,409,2,Aircraft,312,150,6928.0
00,18,40,00023,410,2,Aircraft,473,111,7541.0
00,18,40,00023,411,2,Aircraft,587,89,4897.0
00,18,40,00023,412,5,Ground_Crew,1000,483,242.0
00,18,40,00023,413,2,Aircraft,612,420,71506.0
00,18,40,00023,414,2,Aircraft,1119,94,5409.0
00,18,40,00023,415,6,Airport_Tractor,1867,623,5808.0
00,18,40,00023,416,2,Aircraft,1107,137,11458.0
00,18,40,00023,417,2,Aircraft,1110,186,16538.0
00,18,40,00023,418,2,Aircraft,1135,261,32088.0
00,18,40,00023,419,9,Aerobridge,1553,310,16465.0
00,18,40,00023,420,9,Aerobridge,1416,203,7079.0
00,18,40,00023,421,9,Aerobridge,1312,149,3640.0
00,18,40,00023,422,10,Pushback_Tug,1054,525,7301.0
00,18,50,00024,423,7,Baggage_Trolley,1815,858,10936.0
00,18,50,00024,424,7,Baggage_Trolley,1869,724,6262.0
00,18,50,00024,425,9,Aerobridge,1416,203,7079.0
00,18,50,00024,426,2,Aircraft,1107,137,11458.0
00,18,50,00024,427,2,Aircraft,1110,186,16538.0
00,18,50,00024,428,2,Aircraft,587,89,4897.0
00,18,50,00024,429,2,Aircraft,1135,261,32088.0
00,18,50,00024,430,12,GPU,1384,313,508.0
00,18,50,00024,431,9,Aerobridge,1312,149,3640.0
00,18,50,00024,432,7,Baggage_Trolley,1742,754,12569.0
00,18,50,00024,433,1,Safety_Cone,917,294,98.0
00,18,50,00024,434,2,Aircraft,473,111,7541.0
00,18,50,00024,435,5,Ground_Crew,418,390,371.0
00,18,50,00024,436,2,Aircraft,312,150,6928.0
00,18,50,00024,437,9,Aerobridge,1553,310,16465.0
00,18,50,00024,438,12,GPU,672,110,191.0
00,18,50,00024,439,2,Aircraft,411,292,21611.0
00,18,50,00024,440,2,Aircraft,1119,94,5409.0
00,18,50,00024,441,12,GPU,571,137,277.0
00,18,50,00024,442,1,Safety_Cone,884,313,106.0
00,18,50,00024,443,12,GPU,1757,595,1670.0
00,18,50,00024,444,6,Airport_Tractor,1867,623,5808.0
00,18,50,00024,445,12,GPU,1294,228,443.0
00,18,50,00024,446,1,Safety_Cone,901,333,83.0
00,18,50,00024,447,1,Safety_Cone,1242,328,95.0
00,18,50,00024,448,10,Pushback_Tug,379,413,4160.0
00,18,50,00024,449,2,Aircraft,1114,119,1536.0
00,19,20,00025,450,10,Pushback_Tug,367,338,2723.0
00,19,20,00025,451,6,Airport_Tractor,1867,623,5808.0
00,19,20,00025,452,9,Aerobridge,1553,310,16465.0
00,19,20,00025,453,9,Aerobridge,1416,203,7079.0
00,19,20,00025,454,9,Aerobridge,1312,149,3640.0
00,19,20,00025,455,2,Aircraft,1135,261,32088.0
00,19,20,00025,456,1,Safety_Cone,901,333,83.0
00,19,20,00025,457,1,Safety_Cone,1242,328,95.0
00,19,20,00025,458,2,Aircraft,587,89,4897.0
00,19,20,00025,459,12,GPU,1757,595,1670.0
00,19,20,00025,460,7,Baggage_Trolley,1869,724,6262.0
00,19,20,00025,461,2,Aircraft,473,111,7541.0
00,19,20,00025,462,2,Aircraft,312,150,6928.0
00,19,20,00025,463,2,Aircraft,549,234,18063.0
00,19,20,00025,464,5,Ground_Crew,471,299,263.0
00,19,20,00025,465,7,Baggage_Trolley,1815,858,10936.0
00,19,20,00025,466,12,GPU,1384,313,508.0
00,19,20,00025,467,7,Baggage_Trolley,1742,754,12569.0
00,19,20,00025,468,1,Safety_Cone,917,294,98.0
00,19,20,00025,469,2,Aircraft,1119,94,5409.0
00,19,20,00025,470,12,GPU,672,110,191.0
00,19,20,00025,471,2,Aircraft,1114,119,1536.0
00,19,20,00025,472,12,GPU,571,137,277.0
00,19,20,00025,473,2,Aircraft,1107,137,11458.0
00,19,20,00025,474,12,GPU,1294,228,443.0
00,19,20,00025,475,1,Safety_Cone,884,313,106.0
00,19,20,00025,476,2,Aircraft,1110,186,16538.0
00,19,40,00026,477,7,Baggage_Trolley,1815,858,10936.0
00,19,40,00026,478,12,GPU,1384,313,508.0
00,19,40,00026,479,2,Aircraft,278,305,43807.0
00,19,40,00026,480,2,Aircraft,1110,186,16538.0
00,19,40,00026,481,2,Aircraft,1135,261,32088.0
00,19,40,00026,482,1,Safety_Cone,1242,328,95.0
00,19,40,00026,483,2,Aircraft,587,89,4897.0
00,19,40,00026,484,2,Aircraft,473,111,7541.0
00,19,40,00026,485,2,Aircraft,312,150,6928.0
00,19,40,00026,486,7,Baggage_Trolley,1742,754,12569.0
00,19,40,00026,487,1,Safety_Cone,917,294,98.0
00,19,40,00026,488,12,GPU,672,110,191.0
00,19,40,00026,489,12,GPU,571,137,277.0
00,19,40,00026,490,12,GPU,1294,228,443.0
00,19,40,00026,491,6,Airport_Tractor,1867,623,5808.0
00,19,40,00026,492,9,Aerobridge,1553,310,16465.0
00,19,40,00026,493,9,Aerobridge,1416,203,7079.0
00,19,40,00026,494,9,Aerobridge,1312,149,3640.0
00,19,40,00026,495,1,Safety_Cone,884,313,106.0
00,19,40,00026,496,1,Safety_Cone,901,333,83.0
00,19,40,00026,497,2,Aircraft,1119,94,5409.0
00,19,40,00026,498,2,Aircraft,1114,119,1536.0
00,19,40,00026,499,2,Aircraft,1107,137,11458.0
00,19,40,00026,500,12,GPU,1757,595,1670.0
00,19,40,00026,501,7,Baggage_Trolley,1869,724,6262.0
00,23,10,00027,1,2,Aircraft,312,150,6990.0
00,23,10,00027,2,2,Aircraft,1136,260,31708.0
00,23,10,00027,3,7,Baggage_Trolley,1814,856,10722.0
00,23,10,00027,4,7,Baggage_Trolley,1869,725,6366.0
00,23,10,00027,5,9,Aerobridge,1406,210,5488.0
00,23,10,00027,6,12,GPU,1411,314,530.0
00,23,10,00027,7,9,Aerobridge,1207,97,1482.0
00,23,10,00027,8,9,Aerobridge,1312,149,3865.0
00,23,10,00027,9,7,Baggage_Trolley,1744,752,12195.0
00,23,10,00027,10,12,GPU,1293,228,428.0
00,23,10,00027,11,12,GPU,672,110,182.0
00,23,10,00027,12,2,Aircraft,1105,136,11656.0
00,23,10,00027,13,12,GPU,571,137,264.0
00,23,10,00027,14,8,Fuel_Truck,1122,354,12268.0
00,23,10,00027,15,9,Aerobridge,1551,310,16735.0
00,23,10,00027,16,2,Aircraft,1110,186,16552.0
00,23,10,00027,17,5,Ground_Crew,1162,311,219.0
00,23,10,00027,18,5,Ground_Crew,1311,329,206.0
00,23,10,00027,19,13,Conveyor_Belt,1314,353,2180.0
00,23,10,00027,20,6,Airport_Tractor,1867,623,5890.0
00,23,10,00027,21,1,Safety_Cone,917,297,106.0
00,23,10,00027,22,1,Safety_Cone,884,312,102.0
00,23,10,00027,23,1,Safety_Cone,900,331,81.0
00,23,10,00027,24,1,Safety_Cone,1243,325,46.0
00,23,10,00027,25,1,Safety_Cone,1450,312,115.0
00,23,10,00027,26,12,GPU,1758,595,1614.0
00,23,10,00027,27,2,Aircraft,1103,92,4663.0
00,23,10,00027,28,2,Aircraft,586,89,4760.0
00,23,10,00027,29,2,Aircraft,472,111,7666.0
00,23,10,00027,30,2,Aircraft,1095,116,1473.0
00,23,10,00027,31,9,Aerobridge,1266,110,1413.0
00,23,20,00028,32,12,GPU,1758,595,1614.0
00,23,20,00028,33,8,Fuel_Truck,1122,354,12268.0
00,23,20,00028,34,9,Aerobridge,1359,193,6033.0
00,23,20,00028,35,9,Aerobridge,1551,310,16735.0
00,23,20,00028,36,1,Safety_Cone,1450,312,115.0
00,23,20,00028,37,1,Safety_Cone,1243,325,46.0
00,23,20,00028,38,9,Aerobridge,1266,110,1413.0
00,23,20,00028,39,9,Aerobridge,1207,97,1482.0
00,23,20,00028,40,9,Aerobridge,1312,149,3865.0
00,23,20,00028,41,7,Baggage_Trolley,1744,752,12195.0
00,23,20,00028,42,7,Baggage_Trolley,1869,725,6366.0
00,23,20,00028,43,7,Baggage_Trolley,1814,856,10722.0
00,23,20,00028,44,2,Aircraft,1136,260,31708.0
00,23,20,00028,45,2,Aircraft,312,150,6990.0
00,23,20,00028,46,2,Aircraft,472,111,7666.0
00,23,20,00028,47,2,Aircraft,586,89,4760.0
00,23,20,00028,48,1,Safety_Cone,917,297,106.0
00,23,20,00028,49,1,Safety_Cone,884,312,102.0
00,23,20,00028,50,1,Safety_Cone,900,331,73.0
00,23,20,00028,51,6,Airport_Tractor,1867,623,5890.0
00,23,20,00028,52,5,Ground_Crew,1311,326,209.0
00,23,20,00028,53,13,Conveyor_Belt,1314,353,2180.0
00,23,20,00028,54,5,Ground_Crew,1157,324,115.0
00,23,20,00028,55,2,Aircraft,1110,186,16552.0
00,23,20,00028,56,12,GPU,571,136,244.0
00,23,20,00028,57,2,Aircraft,1105,136,11656.0
00,23,20,00028,58,12,GPU,672,110,182.0
00,23,20,00028,59,2,Aircraft,1092,115,1325.0
00,23,20,00028,60,2,Aircraft,1103,92,4663.0
00,23,20,00028,61,12,GPU,1411,314,530.0
00,24,30,00029,62,2,Aircraft,472,111,7666.0
00,24,30,00029,63,2,Aircraft,586,89,4760.0
00,24,30,00029,64,8,Fuel_Truck,1122,354,12268.0
00,24,30,00029,65,6,Airport_Tractor,1867,623,5890.0
00,24,30,00029,66,2,Aircraft,1092,115,1325.0
00,24,30,00029,67,2,Aircraft,1103,92,4663.0
00,24,30,00029,68,13,Conveyor_Belt,1314,353,2180.0
00,24,30,00029,69,5,Ground_Crew,1309,328,143.0
00,24,30,00029,70,12,GPU,571,136,244.0
00,24,30,00029,71,1,Safety_Cone,917,297,106.0
00,24,30,00029,72,2,Aircraft,1110,186,16552.0
00,24,30,00029,73,1,Safety_Cone,1450,312,115.0
00,24,30,00029,74,1,Safety_Cone,884,312,102.0
00,24,30,00029,75,9,Aerobridge,1551,310,16735.0
00,24,30,00029,76,12,GPU,672,110,182.0
00,24,30,00029,77,1,Safety_Cone,900,331,73.0
00,24,30,00029,78,12,GPU,1411,314,530.0
00,24,30,00029,79,2,Aircraft,1105,136,11656.0
00,24,30,00029,80,7,Baggage_Trolley,1744,752,12195.0
00,24,30,00029,81,7,Baggage_Trolley,1869,725,6366.0
00,24,30,00029,82,1,Safety_Cone,1243,325,46.0
00,24,30,00029,83,9,Aerobridge,1312,149,3865.0
00,24,30,00029,84,7,Baggage_Trolley,1814,856,10722.0
00,24,30,00029,85,12,GPU,1758,595,1614.0
00,24,30,00029,86,9,Aerobridge,1207,97,1482.0
00,24,30,00029,87,9,Aerobridge,1266,110,1413.0
00,24,30,00029,88,9,Aerobridge,1361,195,5815.0
00,24,30,00029,89,2,Aircraft,1136,260,31708.0
00,24,30,00029,90,2,Aircraft,312,150,6990.0
00,25,00,00030,91,2,Aircraft,1110,186,16552.0
00,25,00,00030,92,2,Aircraft,1105,136,11656.0
00,25,00,00030,93,9,Aerobridge,1207,97,1482.0
00,25,00,00030,94,2,Aircraft,1136,260,31708.0
00,25,00,00030,95,2,Aircraft,312,150,6990.0
00,25,00,00030,96,2,Aircraft,472,111,7666.0
00,25,00,00030,97,2,Aircraft,586,89,4760.0
00,25,00,00030,98,7,Baggage_Trolley,1744,752,12195.0
00,25,00,00030,99,9,Aerobridge,1551,310,16735.0
00,25,00,00030,100,12,GPU,1758,595,1614.0
00,25,00,00030,101,1,Safety_Cone,1092,365,80.0
00,25,00,00030,102,6,Airport_Tractor,1867,623,5890.0
00,25,00,00030,103,12,GPU,672,110,182.0
00,25,00,00030,104,12,GPU,1411,314,530.0
00,25,00,00030,105,1,Safety_Cone,900,331,73.0
00,25,00,00030,106,7,Baggage_Trolley,1814,856,10722.0
00,25,00,00030,107,13,Conveyor_Belt,1312,338,815.0
00,25,00,00030,108,9,Aerobridge,1266,110,1413.0
00,25,00,00030,109,2,Aircraft,1092,115,1325.0
00,25,00,00030,110,1,Safety_Cone,884,312,102.0
00,25,00,00030,111,5,Ground_Crew,1310,329,176.0
00,25,00,00030,112,9,Aerobridge,1361,195,5815.0
00,25,00,00030,113,2,Aircraft,1103,92,4663.0
00,25,00,00030,114,1,Safety_Cone,917,297,106.0
00,25,00,00030,115,1,Safety_Cone,1243,325,46.0
00,25,00,00030,116,12,GPU,571,136,244.0
00,25,00,00030,117,7,Baggage_Trolley,1869,725,6366.0
00,25,00,00030,118,1,Safety_Cone,1450,312,115.0
00,25,00,00030,119,8,Fuel_Truck,1240,365,13257.0
00,25,00,00030,120,9,Aerobridge,1312,149,3865.0
00,27,10,00031,121,2,Aircraft,586,89,4760.0
00,27,10,00031,122,1,Safety_Cone,1450,312,115.0
00,27,10,00031,123,1,Safety_Cone,1243,325,46.0
00,27,10,00031,124,1,Safety_Cone,917,297,106.0
00,27,10,00031,125,1,Safety_Cone,884,312,102.0
00,27,10,00031,126,1,Safety_Cone,900,331,73.0
00,27,10,00031,127,1,Safety_Cone,1092,365,80.0
00,27,10,00031,128,2,Aircraft,1136,260,31708.0
00,27,10,00031,129,2,Aircraft,312,150,6990.0
00,27,10,00031,130,2,Aircraft,472,111,7666.0
00,27,10,00031,131,2,Aircraft,1110,186,16552.0
00,27,10,00031,132,2,Aircraft,1105,136,11656.0
00,27,10,00031,133,2,Aircraft,1092,115,1325.0
00,27,10,00031,134,2,Aircraft,1103,92,4663.0
00,27,10,00031,135,9,Aerobridge,1361,195,5815.0
00,27,10,00031,136,9,Aerobridge,1551,310,16735.0
00,27,10,00031,137,12,GPU,1758,595,1614.0
00,27,10,00031,138,12,GPU,1411,314,530.0
00,27,10,00031,139,12,GPU,672,110,182.0
00,27,10,00031,140,12,GPU,571,136,244.0
00,27,10,00031,141,5,Ground_Crew,1237,332,177.0
00,27,10,00031,142,5,Ground_Crew,1276,306,164.0
00,27,10,00031,143,13,Conveyor_Belt,1299,319,1820.0
00,27,10,00031,144,6,Airport_Tractor,1867,623,5890.0
00,27,10,00031,145,7,Baggage_Trolley,1814,856,10722.0
00,27,10,00031,146,7,Baggage_Trolley,1869,725,6366.0
00,27,10,00031,147,7,Baggage_Trolley,1744,752,12195.0
00,27,10,00031,148,9,Aerobridge,1312,149,3865.0
00,27,10,00031,149,9,Aerobridge,1207,97,1482.0
00,27,10,00031,150,9,Aerobridge,1266,110,1413.0
00,27,50,00032,151,9,Aerobridge,1361,195,5815.0
00,27,50,00032,152,7,Baggage_Trolley,1814,856,10722.0
00,27,50,00032,153,2,Aircraft,1105,136,11656.0
00,27,50,00032,154,7,Baggage_Trolley,1369,339,1282.0
00,27,50,00032,155,1,Safety_Cone,917,297,106.0
00,27,50,00032,156,12,GPU,672,110,182.0
00,27,50,00032,157,7,Baggage_Trolley,1315,337,1157.0
00,27,50,00032,158,7,Baggage_Trolley,1869,725,6366.0
00,27,50,00032,159,7,Baggage_Trolley,1744,752,12195.0
00,27,50,00032,160,2,Aircraft,1110,186,16552.0
00,27,50,00032,161,13,Conveyor_Belt,1295,313,1337.0
00,27,50,00032,162,1,Safety_Cone,1243,325,46.0
00,27,50,00032,163,12,GPU,571,136,244.0
00,27,50,00032,164,9,Aerobridge,1207,97,1482.0
00,27,50,00032,165,9,Aerobridge,1312,149,3865.0
00,27,50,00032,166,2,Aircraft,1103,92,4663.0
00,27,50,00032,167,2,Aircraft,1092,115,1325.0
00,27,50,00032,168,9,Aerobridge,1551,310,16735.0
00,27,50,00032,169,1,Safety_Cone,1450,312,115.0
00,27,50,00032,170,1,Safety_Cone,900,331,73.0
00,27,50,00032,171,5,Ground_Crew,1344,326,242.0
00,27,50,00032,172,1,Safety_Cone,884,312,102.0
00,27,50,00032,173,12,GPU,1411,314,530.0
00,27,50,00032,174,1,Safety_Cone,1092,365,80.0
00,27,50,00032,175,9,Aerobridge,1266,110,1413.0
00,27,50,00032,176,12,GPU,1758,595,1614.0
00,27,50,00032,177,2,Aircraft,586,89,4760.0
00,27,50,00032,178,2,Aircraft,472,111,7666.0
00,27,50,00032,179,2,Aircraft,312,150,6990.0
00,27,50,00032,180,2,Aircraft,1136,260,31708.0
00,27,50,00032,181,6,Airport_Tractor,1261,337,710.0
00,27,50,00032,182,6,Airport_Tractor,1867,623,5890.0
00,28,30,00033,183,1,Safety_Cone,917,297,106.0
00,28,30,00033,184,12,GPU,1758,595,1614.0
00,28,30,00033,185,1,Safety_Cone,884,312,102.0
00,28,30,00033,186,1,Safety_Cone,900,331,73.0
00,28,30,00033,187,1,Safety_Cone,1092,365,80.0
00,28,30,00033,188,7,Baggage_Trolley,1267,342,560.0
00,28,30,00033,189,7,Baggage_Trolley,1325,337,1155.0
00,28,30,00033,190,2,Aircraft,1105,136,11656.0
00,28,30,00033,191,2,Aircraft,1092,115,1325.0
00,28,30,00033,192,7,Baggage_Trolley,1814,856,10722.0
00,28,30,00033,193,9,Aerobridge,1312,149,3865.0
00,28,30,00033,194,7,Baggage_Trolley,1744,752,12195.0
00,28,30,00033,195,7,Baggage_Trolley,1869,725,6366.0
00,28,30,00033,196,2,Aircraft,1136,260,31708.0
00,28,30,00033,197,9,Aerobridge,1361,195,5815.0
00,28,30,00033,198,2,Aircraft,1118,94,5548.0
00,28,30,00033,199,1,Safety_Cone,1243,325,46.0
00,28,30,00033,200,1,Safety_Cone,1450,312,115.0
00,28,30,00033,201,12,GPU,672,110,182.0
00,28,30,00033,202,9,Aerobridge,1551,310,16735.0
00,28,30,00033,203,13,Conveyor_Belt,1295,315,1502.0
00,28,30,00033,204,12,GPU,1411,314,530.0
00,28,30,00033,205,2,Aircraft,586,89,4760.0
00,28,30,00033,206,2,Aircraft,472,111,7666.0
00,28,30,00033,207,2,Aircraft,1110,186,16552.0
00,28,30,00033,208,2,Aircraft,312,150,6990.0
00,28,30,00033,209,9,Aerobridge,1266,110,1413.0
00,28,30,00033,210,9,Aerobridge,1233,94,923.0
00,28,30,00033,211,5,Ground_Crew,1322,318,70.0
00,28,30,00033,212,6,Airport_Tractor,1867,623,5890.0
00,28,30,00033,213,12,GPU,571,136,244.0
00,29,40,00034,214,2,Aircraft,1092,115,1325.0
00,29,40,00034,215,12,GPU,1758,595,1614.0
00,29,40,00034,216,12,GPU,1411,314,530.0
00,29,40,00034,217,2,Aircraft,1105,136,11656.0
00,29,40,00034,218,2,Aircraft,1110,186,16552.0
00,29,40,00034,219,12,GPU,672,110,182.0
00,29,40,00034,220,12,GPU,571,136,244.0
00,29,40,00034,221,2,Aircraft,586,89,4760.0
00,29,40,00034,222,2,Aircraft,472,111,7666.0
00,29,40,00034,223,2,Aircraft,312,150,6990.0
00,29,40,00034,224,5,Ground_Crew,1293,232,83.0
00,29,40,00034,225,5,Ground_Crew,1842,371,349.0
00,29,40,00034,226,2,Aircraft,1136,260,31708.0
00,29,40,00034,227,13,Conveyor_Belt,1299,319,1820.0
00,29,40,00034,228,6,Airport_Tractor,1867,623,5890.0
00,29,40,00034,229,6,Airport_Tractor,1841,388,422.0
00,29,40,00034,230,9,Aerobridge,1233,91,842.0
00,29,40,00034,231,7,Baggage_Trolley,1814,856,10722.0
00,29,40,00034,232,1,Safety_Cone,1092,365,80.0
00,29,40,00034,233,1,Safety_Cone,900,331,73.0
00,29,40,00034,234,1,Safety_Cone,884,312,102.0
00,29,40,00034,235,1,Safety_Cone,917,297,106.0
00,29,40,00034,236,1,Safety_Cone,1243,325,46.0
00,29,40,00034,237,1,Safety_Cone,1450,312,115.0
00,29,40,00034,238,9,Aerobridge,1266,110,1413.0
00,29,40,00034,239,7,Baggage_Trolley,1869,725,6366.0
00,29,40,00034,240,7,Baggage_Trolley,1744,752,12195.0
00,29,40,00034,241,7,Baggage_Trolley,1297,354,1012.0
00,29,40,00034,242,7,Baggage_Trolley,1350,360,1034.0
00,29,40,00034,243,12,GPU,444,178,393.0
00,29,40,00034,244,9,Aerobridge,1361,195,5815.0
00,29,40,00034,245,9,Aerobridge,1312,149,3865.0
00,29,40,00034,246,9,Aerobridge,1551,310,16735.0
00,29,40,00034,247,2,Aircraft,1118,94,5548.0
00,29,50,00035,248,7,Baggage_Trolley,1869,725,6366.0
00,29,50,00035,249,7,Baggage_Trolley,1772,725,8048.0
00,29,50,00035,250,7,Baggage_Trolley,1729,707,3080.0
00,29,50,00035,251,7,Baggage_Trolley,1708,819,4935.0
00,29,50,00035,252,12,GPU,1758,595,1614.0
00,29,50,00035,253,7,Baggage_Trolley,1350,360,1034.0
00,29,50,00035,254,7,Baggage_Trolley,1297,354,1012.0
00,29,50,00035,255,7,Baggage_Trolley,1363,333,1053.0
00,29,50,00035,256,7,Baggage_Trolley,1313,335,625.0
00,29,50,00035,257,13,Conveyor_Belt,1296,314,1437.0
00,29,50,00035,258,1,Safety_Cone,900,331,73.0
00,29,50,00035,259,1,Safety_Cone,1092,365,80.0
00,29,50,00035,260,5,Ground_Crew,1701,683,1095.0
00,29,50,00035,261,6,Airport_Tractor,1867,623,5890.0
00,29,50,00035,262,6,Airport_Tractor,1252,339,626.0
00,29,50,00035,263,5,Ground_Crew,1324,319,94.0
00,29,50,00035,264,5,Ground_Crew,1271,337,283.0
00,29,50,00035,265,12,GPU,444,178,393.0
00,29,50,00035,266,9,Aerobridge,1266,110,1413.0
00,29,50,00035,267,9,Aerobridge,1312,149,3865.0
00,29,50,00035,268,2,Aircraft,1136,260,31708.0
00,29,50,00035,269,2,Aircraft,312,150,6990.0
00,29,50,00035,270,12,GPU,571,136,244.0
00,29,50,00035,271,2,Aircraft,472,111,7666.0
00,29,50,00035,272,9,Aerobridge,1361,195,5815.0
00,29,50,00035,273,2,Aircraft,586,89,4760.0
00,29,50,00035,274,12,GPU,672,110,182.0
00,29,50,00035,275,9,Aerobridge,1551,310,16735.0
00,29,50,00035,276,2,Aircraft,1110,186,16552.0
00,29,50,00035,277,12,GPU,1411,314,530.0
00,29,50,00035,278,9,Aerobridge,1233,91,842.0
00,29,50,00035,279,1,Safety_Cone,1450,312,115.0
00,29,50,00035,280,1,Safety_Cone,1243,325,46.0
00,29,50,00035,281,7,Baggage_Trolley,1814,856,10722.0
00,29,50,00035,282,1,Safety_Cone,917,297,106.0
00,29,50,00035,283,1,Safety_Cone,884,312,102.0
00,29,50,00035,284,2,Aircraft,1118,94,5548.0
00,29,50,00035,285,2,Aircraft,861,119,3244.0
00,29,50,00035,286,2,Aircraft,1105,136,11656.0
